{
  "topic_0": {
    "words": [
      "model",
      "energy",
      "quantum",
      "spin",
      "field",
      "data",
      "phase",
      "mass",
      "state",
      "time"
    ],
    "scores": [
      25.438361772560942,
      19.854191088899125,
      19.80853774782529,
      18.36417146074481,
      18.144484035859804,
      16.060800892130004,
      15.010918382000167,
      14.906536237882795,
      14.723818367217998,
      14.53349876256836
    ]
  },
  "topic_1": {
    "words": [
      "coding",
      "reduction",
      "polynomial",
      "presents",
      "survey",
      "problems",
      "techniques",
      "description",
      "paper",
      "size"
    ],
    "scores": [
      2.545599266025957,
      1.3543276817522965,
      0.891869972170847,
      0.6972369578632118,
      0.6545452389294277,
      0.6438992276384767,
      0.6280163831892429,
      0.5133304993557514,
      0.49408208011640464,
      0.47602358660313543
    ]
  },
  "topic_2": {
    "words": [
      "pinning",
      "matching",
      "lhc",
      "exhibit",
      "observed",
      "data",
      "redundancy",
      "array",
      "rotation",
      "operations"
    ],
    "scores": [
      0.20056827105113498,
      0.20051110715720946,
      0.20046771182710119,
      0.20045209775847544,
      0.2004436563208358,
      0.20044037564676234,
      0.200440171730569,
      0.2004342232467029,
      0.2004312518175409,
      0.2004301339135808
    ]
  },
  "topic_3": {
    "words": [
      "minimum",
      "dual",
      "orbits",
      "study",
      "map",
      "best",
      "degree",
      "semi",
      "determine",
      "large"
    ],
    "scores": [
      0.9203640131791705,
      0.8292978532656128,
      0.8260494281475422,
      0.5168256219517788,
      0.48458006221973654,
      0.2061084033996421,
      0.20568316282911192,
      0.2053874721946225,
      0.20322180976707704,
      0.20315071901638174
    ]
  },
  "topic_4": {
    "words": [
      "algorithm",
      "group",
      "paper",
      "functions",
      "finite",
      "prove",
      "space",
      "theory",
      "solutions",
      "algebras"
    ],
    "scores": [
      9.435381940485435,
      9.421275970616698,
      9.032194008572345,
      8.801629766804144,
      7.868620118863596,
      7.858851053938652,
      7.851861688568874,
      7.630344999585421,
      7.452583967225818,
      7.168996079555282
    ]
  },
  "semantic_labels": {
    "topic_0": "model + energy + quantum",
    "topic_1": "coding + reduction + polynomial",
    "topic_2": "pinning + matching + lhc",
    "topic_3": "minimum + dual + orbits",
    "topic_4": "algorithm + group + paper"
  }
}